frame_nmr,car_id,car_bbox,license_plate_bbox,license_plate_bbox_score,license_number,license_number_score
0,0,"[154.0, 243.0, 1141.0, 937.0]","[698.0, 574.0, 916.0, 635.0]",0.8934703469276428,ML05Z4027,0.8691592111719445
15,0,"[279.0, 287.0, 1027.0, 877.0]","[549.0, 567.0, 751.0, 620.0]",0.8968557119369507,ML05Z4027,0.8833732395651432
30,0,"[397.0, 303.0, 1054.0, 832.0]","[549.0, 567.0, 751.0, 620.0]",0.8968557119369507,ML05Z4027,0.8833732395651432
90,1,"[605.0, 127.0, 1368.0, 880.0]","[810.0, 618.0, 967.0, 660.0]",0.22368881106376648,FL05I6408,0.46709893850574513
135,2,"[471.0, 235.0, 1203.0, 882.0]","[670.0, 628.0, 836.0, 672.0]",0.8863999247550964,ML05V9497,0.16104403783351967
